,FlightNumber,Date,BoosterVersion,PayloadMass,Orbit,LaunchSite,Outcome,Flights,GridFins,Reused,Legs,LandingPad,Block,ReusedCount,Serial,Longitude,Latitude
0,1,2006-03-24,Falcon 1,20.0,LEO,Kwajalein Atoll,None None,1,False,False,False,,,0,Merlin1A,167.7431292,9.0477206
1,2,2007-03-21,Falcon 1,,LEO,Kwajalein Atoll,None None,1,False,False,False,,,0,Merlin2A,167.7431292,9.0477206
2,4,2008-09-28,Falcon 1,165.0,LEO,Kwajalein Atoll,None None,1,False,False,False,,,0,Merlin2C,167.7431292,9.0477206
3,5,2009-07-13,Falcon 1,200.0,LEO,Kwajalein Atoll,None None,1,False,False,False,,,0,Merlin3C,167.7431292,9.0477206
4,6,2010-06-04,Falcon 9,,LEO,CCSFS SLC 40,None None,1,False,False,False,,1.0,0,B0003,-80.577366,28.5618571
5,8,2012-05-22,Falcon 9,525.0,LEO,CCSFS SLC 40,None None,1,False,False,False,,1.0,0,B0005,-80.577366,28.5618571
6,10,2013-03-01,Falcon 9,677.0,ISS,CCSFS SLC 40,None None,1,False,False,False,,1.0,0,B0007,-80.577366,28.5618571
7,11,2013-09-29,Falcon 9,500.0,PO,VAFB SLC 4E,False Ocean,1,False,False,False,,1.0,0,B1003,-120.610829,34.632093
8,12,2013-12-03,Falcon 9,3170.0,GTO,CCSFS SLC 40,None None,1,False,False,False,,1.0,0,B1004,-80.577366,28.5618571
9,13,2014-01-06,Falcon 9,3325.0,GTO,CCSFS SLC 40,None None,1,False,False,False,,1.0,0,B1005,-80.577366,28.5618571
10,14,2014-04-18,Falcon 9,2296.0,ISS,CCSFS SLC 40,True Ocean,1,False,False,True,,1.0,0,B1006,-80.577366,28.5618571
11,15,2014-07-14,Falcon 9,1316.0,LEO,CCSFS SLC 40,True Ocean,1,False,False,True,,1.0,0,B1007,-80.577366,28.5618571
12,16,2014-08-05,Falcon 9,4535.0,GTO,CCSFS SLC 40,None None,1,False,False,False,,1.0,0,B1008,-80.577366,28.5618571
13,17,2014-09-07,Falcon 9,4428.0,GTO,CCSFS SLC 40,None None,1,False,False,False,,1.0,0,B1011,-80.577366,28.5618571
14,18,2014-09-21,Falcon 9,2216.0,ISS,CCSFS SLC 40,False Ocean,1,False,False,False,,1.0,0,B1010,-80.577366,28.5618571
15,19,2015-01-10,Falcon 9,2395.0,ISS,CCSFS SLC 40,False ASDS,1,True,False,True,5e9e3032383ecb761634e7cb,1.0,0,B1012,-80.577366,28.5618571
16,20,2015-02-11,Falcon 9,570.0,ES-L1,CCSFS SLC 40,True Ocean,1,True,False,True,,1.0,0,B1013,-80.577366,28.5618571
17,22,2015-04-14,Falcon 9,1898.0,ISS,CCSFS SLC 40,False ASDS,1,True,False,True,5e9e3032383ecb761634e7cb,1.0,0,B1015,-80.577366,28.5618571
18,23,2015-04-27,Falcon 9,4707.0,GTO,CCSFS SLC 40,None None,1,False,False,False,,1.0,0,B1016,-80.577366,28.5618571
19,24,2015-06-28,Falcon 9,2477.0,ISS,CCSFS SLC 40,None ASDS,1,True,False,True,5e9e3032383ecb6bb234e7ca,1.0,0,B1018,-80.577366,28.5618571
20,25,2015-12-22,Falcon 9,2034.0,LEO,CCSFS SLC 40,True RTLS,1,True,False,True,5e9e3032383ecb267a34e7c7,1.0,0,B1019,-80.577366,28.5618571
21,26,2016-01-17,Falcon 9,553.0,PO,VAFB SLC 4E,False ASDS,1,True,False,True,5e9e3033383ecbb9e534e7cc,1.0,0,B1017,-120.610829,34.632093
22,27,2016-03-04,Falcon 9,5271.0,GTO,CCSFS SLC 40,False ASDS,1,True,False,True,5e9e3032383ecb6bb234e7ca,1.0,0,B1020,-80.577366,28.5618571
23,28,2016-04-08,Falcon 9,3136.0,ISS,CCSFS SLC 40,True ASDS,1,True,False,True,5e9e3032383ecb6bb234e7ca,2.0,1,B1021,-80.577366,28.5618571
24,29,2016-05-06,Falcon 9,4696.0,GTO,CCSFS SLC 40,True ASDS,1,True,False,True,5e9e3032383ecb6bb234e7ca,2.0,0,B1022,-80.577366,28.5618571
25,30,2016-05-27,Falcon 9,3100.0,GTO,CCSFS SLC 40,True ASDS,1,True,False,True,5e9e3032383ecb6bb234e7ca,2.0,1,B1023,-80.577366,28.5618571
26,32,2016-07-18,Falcon 9,2257.0,ISS,CCSFS SLC 40,True RTLS,1,True,False,True,5e9e3032383ecb267a34e7c7,2.0,1,B1025,-80.577366,28.5618571
27,33,2016-08-14,Falcon 9,4600.0,GTO,CCSFS SLC 40,True ASDS,1,True,False,True,5e9e3032383ecb6bb234e7ca,2.0,0,B1026,-80.577366,28.5618571
28,34,2016-09-01,Falcon 9,5500.0,GTO,CCSFS SLC 40,None ASDS,1,True,False,True,5e9e3032383ecb6bb234e7ca,3.0,0,B1028,-80.577366,28.5618571
29,35,2017-01-14,Falcon 9,9600.0,PO,VAFB SLC 4E,True ASDS,1,True,False,True,5e9e3033383ecbb9e534e7cc,3.0,1,B1029,-120.610829,34.632093
30,36,2017-02-19,Falcon 9,2490.0,ISS,KSC LC 39A,True RTLS,1,True,False,True,5e9e3032383ecb267a34e7c7,3.0,1,B1031,-80.6039558,28.6080585
31,37,2017-03-16,Falcon 9,5600.0,GTO,KSC LC 39A,None None,1,False,False,False,,3.0,0,B1030,-80.6039558,28.6080585
32,38,2017-03-30,Falcon 9,5300.0,GTO,KSC LC 39A,True ASDS,2,True,True,True,5e9e3032383ecb6bb234e7ca,2.0,1,B1021,-80.6039558,28.6080585
33,39,2017-05-01,Falcon 9,,LEO,KSC LC 39A,True RTLS,1,True,False,True,5e9e3032383ecb267a34e7c7,3.0,1,B1032,-80.6039558,28.6080585
34,40,2017-05-15,Falcon 9,6070.0,GTO,KSC LC 39A,None None,1,False,False,False,,3.0,0,B1034,-80.6039558,28.6080585
35,41,2017-06-03,Falcon 9,2708.0,ISS,KSC LC 39A,True RTLS,1,True,False,True,5e9e3032383ecb267a34e7c7,3.0,1,B1035,-80.6039558,28.6080585
36,42,2017-06-23,Falcon 9,3669.0,GTO,KSC LC 39A,True ASDS,2,True,True,True,5e9e3032383ecb6bb234e7ca,3.0,1,B1029,-80.6039558,28.6080585
37,43,2017-06-25,Falcon 9,9600.0,PO,VAFB SLC 4E,True ASDS,1,True,False,True,5e9e3033383ecbb9e534e7cc,3.0,1,B1036,-120.610829,34.632093
38,44,2017-07-05,Falcon 9,6761.0,GTO,KSC LC 39A,None None,1,False,False,False,,3.0,0,B1037,-80.6039558,28.6080585
39,45,2017-08-14,Falcon 9,2910.0,ISS,KSC LC 39A,True RTLS,1,True,False,True,5e9e3032383ecb267a34e7c7,4.0,1,B1039,-80.6039558,28.6080585
40,46,2017-08-24,Falcon 9,475.0,SSO,VAFB SLC 4E,True ASDS,1,True,False,True,5e9e3033383ecbb9e534e7cc,3.0,1,B1038,-120.610829,34.632093
41,47,2017-09-07,Falcon 9,4990.0,LEO,KSC LC 39A,True RTLS,1,True,False,True,5e9e3032383ecb267a34e7c7,4.0,1,B1040,-80.6039558,28.6080585
42,48,2017-10-09,Falcon 9,9600.0,PO,VAFB SLC 4E,True ASDS,1,True,False,True,5e9e3033383ecbb9e534e7cc,4.0,1,B1041,-120.610829,34.632093
43,49,2017-10-11,Falcon 9,5200.0,GTO,KSC LC 39A,True ASDS,2,True,True,True,5e9e3032383ecb6bb234e7ca,3.0,1,B1031,-80.6039558,28.6080585
44,50,2017-10-30,Falcon 9,3700.0,GTO,KSC LC 39A,True ASDS,1,True,False,True,5e9e3032383ecb6bb234e7ca,4.0,0,B1042,-80.6039558,28.6080585
45,51,2017-12-15,Falcon 9,2205.0,ISS,CCSFS SLC 40,True RTLS,2,True,True,True,5e9e3032383ecb267a34e7c7,3.0,1,B1035,-80.577366,28.5618571
46,52,2017-12-23,Falcon 9,9600.0,PO,VAFB SLC 4E,True Ocean,2,True,True,False,,3.0,1,B1036,-120.610829,34.632093
47,53,2018-01-08,Falcon 9,,LEO,CCSFS SLC 40,True RTLS,1,True,False,True,5e9e3032383ecb267a34e7c7,4.0,1,B1043,-80.577366,28.5618571
48,54,2018-01-31,Falcon 9,4230.0,GTO,CCSFS SLC 40,True Ocean,2,True,True,True,,3.0,1,B1032,-80.577366,28.5618571
49,57,2018-03-06,Falcon 9,6092.0,GTO,CCSFS SLC 40,None None,1,True,False,True,,4.0,0,B1044,-80.577366,28.5618571
50,58,2018-03-30,Falcon 9,9600.0,PO,VAFB SLC 4E,None None,2,True,True,True,,4.0,1,B1041,-120.610829,34.632093
51,59,2018-04-02,Falcon 9,2760.0,ISS,CCSFS SLC 40,None None,2,True,True,True,,4.0,1,B1039,-80.577366,28.5618571
52,60,2018-04-18,Falcon 9,350.0,HEO,CCSFS SLC 40,True ASDS,1,True,False,True,5e9e3032383ecb6bb234e7ca,4.0,1,B1045,-80.577366,28.5618571
53,61,2018-05-11,Falcon 9,3750.0,GTO,KSC LC 39A,True ASDS,1,True,False,True,5e9e3032383ecb6bb234e7ca,5.0,3,B1046,-80.6039558,28.6080585
54,63,2018-06-04,Falcon 9,5383.85,GTO,CCSFS SLC 40,None None,2,False,True,False,,4.0,1,B1040,-80.577366,28.5618571
55,64,2018-06-29,Falcon 9,2410.0,ISS,CCSFS SLC 40,None None,2,False,True,False,,4.0,1,B1045,-80.577366,28.5618571
56,65,2018-07-22,Falcon 9,7076.0,GTO,CCSFS SLC 40,True ASDS,1,True,False,True,5e9e3032383ecb6bb234e7ca,5.0,2,B1047,-80.577366,28.5618571
57,66,2018-07-25,Falcon 9,9600.0,PO,VAFB SLC 4E,True ASDS,1,True,False,True,5e9e3033383ecbb9e534e7cc,5.0,4,B1048,-120.610829,34.632093
58,67,2018-08-07,Falcon 9,5800.0,GTO,CCSFS SLC 40,True ASDS,2,True,True,True,5e9e3032383ecb6bb234e7ca,5.0,3,B1046,-80.577366,28.5618571
59,68,2018-09-10,Falcon 9,7060.0,GTO,CCSFS SLC 40,True ASDS,1,True,False,True,5e9e3032383ecb6bb234e7ca,5.0,9,B1049,-80.577366,28.5618571
60,69,2018-10-08,Falcon 9,2800.0,SSO,VAFB SLC 4E,True RTLS,2,True,True,True,5e9e3032383ecb554034e7c9,5.0,4,B1048,-120.610829,34.632093
61,70,2018-11-15,Falcon 9,3000.0,GTO,KSC LC 39A,True ASDS,2,True,True,True,5e9e3032383ecb6bb234e7ca,5.0,2,B1047,-80.6039558,28.6080585
62,71,2018-12-03,Falcon 9,4000.0,SSO,VAFB SLC 4E,True ASDS,3,True,True,True,5e9e3033383ecbb9e534e7cc,5.0,3,B1046,-120.610829,34.632093
63,72,2018-12-05,Falcon 9,2573.0,ISS,CCSFS SLC 40,False RTLS,1,True,False,True,5e9e3032383ecb267a34e7c7,5.0,0,B1050,-80.577366,28.5618571
64,73,2018-12-23,Falcon 9,4400.0,MEO,CCSFS SLC 40,None None,1,False,False,False,,5.0,0,B1054,-80.577366,28.5618571
65,74,2019-01-11,Falcon 9,9600.0,PO,VAFB SLC 4E,True ASDS,2,True,True,True,5e9e3033383ecbb9e534e7cc,5.0,9,B1049,-120.610829,34.632093
66,76,2019-03-02,Falcon 9,12259.0,ISS,KSC LC 39A,True ASDS,1,True,False,True,5e9e3032383ecb6bb234e7ca,5.0,12,B1051,-80.6039558,28.6080585
67,78,2019-05-04,Falcon 9,2482.0,ISS,CCSFS SLC 40,True ASDS,1,True,False,True,5e9e3032383ecb6bb234e7ca,5.0,3,B1056,-80.577366,28.5618571
68,79,2019-05-24,Falcon 9,13200.0,VLEO,CCSFS SLC 40,True ASDS,3,True,True,True,5e9e3032383ecb6bb234e7ca,5.0,9,B1049,-80.577366,28.5618571
69,80,2019-06-12,Falcon 9,1425.0,SSO,VAFB SLC 4E,True RTLS,2,True,True,True,5e9e3032383ecb554034e7c9,5.0,12,B1051,-120.610829,34.632093
70,82,2019-07-25,Falcon 9,2227.7,ISS,CCSFS SLC 40,True RTLS,2,True,True,True,5e9e3032383ecb267a34e7c7,5.0,3,B1056,-80.577366,28.5618571
71,83,2019-08-06,Falcon 9,6500.0,GTO,CCSFS SLC 40,None None,3,False,True,False,,5.0,2,B1047,-80.577366,28.5618571
72,84,2019-11-11,Falcon 9,15600.0,VLEO,CCSFS SLC 40,True ASDS,4,True,True,True,5e9e3032383ecb6bb234e7ca,5.0,4,B1048,-80.577366,28.5618571
73,85,2019-12-05,Falcon 9,5000.0,ISS,CCSFS SLC 40,True ASDS,1,True,False,True,5e9e3032383ecb6bb234e7ca,5.0,5,B1059,-80.577366,28.5618571
74,86,2019-12-17,Falcon 9,6800.0,GTO,CCSFS SLC 40,True ASDS,3,True,True,True,5e9e3032383ecb6bb234e7ca,5.0,3,B1056,-80.577366,28.5618571
75,87,2020-01-07,Falcon 9,15600.0,VLEO,CCSFS SLC 40,True ASDS,4,True,True,True,5e9e3032383ecb6bb234e7ca,5.0,9,B1049,-80.577366,28.5618571
76,88,2020-01-19,Falcon 9,,SO,KSC LC 39A,None None,4,False,True,False,,5.0,3,B1046,-80.6039558,28.6080585
77,89,2020-01-29,Falcon 9,15600.0,VLEO,CCSFS SLC 40,True ASDS,3,True,True,True,5e9e3032383ecb6bb234e7ca,5.0,12,B1051,-80.577366,28.5618571
78,90,2020-02-17,Falcon 9,15600.0,VLEO,CCSFS SLC 40,False ASDS,4,True,True,True,5e9e3032383ecb6bb234e7ca,5.0,3,B1056,-80.577366,28.5618571
79,91,2020-03-07,Falcon 9,1977.0,ISS,CCSFS SLC 40,True RTLS,2,True,True,True,5e9e3032383ecb267a34e7c7,5.0,5,B1059,-80.577366,28.5618571
80,92,2020-03-18,Falcon 9,15600.0,VLEO,KSC LC 39A,False ASDS,5,True,True,True,5e9e3032383ecb6bb234e7ca,5.0,4,B1048,-80.6039558,28.6080585
81,93,2020-04-22,Falcon 9,15600.0,VLEO,KSC LC 39A,True ASDS,4,True,True,True,5e9e3032383ecb6bb234e7ca,5.0,12,B1051,-80.6039558,28.6080585
82,94,2020-05-30,Falcon 9,9525.0,ISS,KSC LC 39A,True ASDS,1,True,False,True,5e9e3032383ecb6bb234e7ca,5.0,13,B1058,-80.6039558,28.6080585
83,95,2020-06-04,Falcon 9,15600.0,VLEO,CCSFS SLC 40,True ASDS,5,True,True,True,5e9e3033383ecbb9e534e7cc,5.0,9,B1049,-80.577366,28.5618571
84,96,2020-06-13,Falcon 9,15600.0,VLEO,CCSFS SLC 40,True ASDS,3,True,True,True,5e9e3032383ecb6bb234e7ca,5.0,5,B1059,-80.577366,28.5618571
85,97,2020-06-30,Falcon 9,3880.0,MEO,CCSFS SLC 40,True ASDS,1,True,False,True,5e9e3033383ecbb9e534e7cc,5.0,12,B1060,-80.577366,28.5618571
86,98,2020-07-20,Falcon 9,,GEO,CCSFS SLC 40,True ASDS,2,True,True,True,5e9e3033383ecbb9e534e7cc,5.0,13,B1058,-80.577366,28.5618571
87,100,2020-08-18,Falcon 9,15600.0,VLEO,CCSFS SLC 40,True ASDS,6,True,True,True,5e9e3032383ecb6bb234e7ca,5.0,9,B1049,-80.577366,28.5618571
88,101,2020-08-30,Falcon 9,1600.0,SSO,CCSFS SLC 40,True RTLS,4,True,True,True,5e9e3032383ecb267a34e7c7,5.0,5,B1059,-80.577366,28.5618571
89,102,2020-09-03,Falcon 9,15600.0,VLEO,KSC LC 39A,True ASDS,2,True,True,True,5e9e3032383ecb6bb234e7ca,5.0,12,B1060,-80.6039558,28.6080585
90,103,2020-10-06,Falcon 9,15600.0,VLEO,KSC LC 39A,True ASDS,3,True,True,True,5e9e3032383ecb6bb234e7ca,5.0,13,B1058,-80.6039558,28.6080585
91,104,2020-10-18,Falcon 9,15600.0,VLEO,KSC LC 39A,True ASDS,6,True,True,True,5e9e3032383ecb6bb234e7ca,5.0,12,B1051,-80.6039558,28.6080585
92,105,2020-10-24,Falcon 9,15600.0,VLEO,CCSFS SLC 40,True ASDS,3,True,True,True,5e9e3033383ecbb9e534e7cc,5.0,12,B1060,-80.577366,28.5618571
93,106,2020-11-05,Falcon 9,3681.0,MEO,CCSFS SLC 40,True ASDS,1,True,False,True,5e9e3032383ecb6bb234e7ca,5.0,8,B1062,-80.577366,28.5618571
